ip,mask,timeout,comment
36.108.171.168,255.255.255.255,,0928·â
125.64.94.211,255.255.255.255,,0928·â
111.19.43.241,255.255.255.255,,0928·â
36.46.197.233,255.255.255.255,,0928·â
117.34.179.160,255.255.255.255,,0928·â
221.122.70.3,255.255.255.255,,0928·â
221.122.70.4,255.255.255.255,,0928·â
221.122.70.6,255.255.255.255,,0928·â
111.19.43.241,255.255.255.255,,0928·â
84.251.72.185,255.255.255.255,,0928·â
157.245.225.13,255.255.255.255,,0928·â
217.151.71.225,255.255.255.255,,0928·â
218.30.19.40,255.255.255.255,,0928·â
