时间,源ip,目的IP,目的端口,情报类型,动作,次数,最后一次攻击时间
2019-09-29,113.140.27.118,172.36.160.190,445,恶意IP,封禁,886,2019-09-29 08:06:14
2019-09-29,88.214.26.17,172.36.160.190,3306,恶意IP,封禁,8,2019-09-29 08:06:12
2019-09-29,113.140.27.118,172.36.160.161,445,恶意IP,封禁,143,2019-09-29 08:06:03
2019-09-29,218.30.19.40,172.36.160.165,3460,黑名单,封禁,1,2019-09-29 08:05:47
2019-09-29,219.133.60.246,172.36.160.165,19,扫描器,封禁,16,2019-09-29 08:05:31
2019-09-29,93.174.93.136,172.36.160.162,8908,恶意IP,封禁,3,2019-09-29 08:05:05
2019-09-29,49.67.138.111,172.36.160.161,25,暴力破解,封禁,7,2019-09-29 08:04:56
2019-09-29,114.232.152.45,172.36.160.161,25,暴力破解,封禁,12,2019-09-29 08:04:56
2019-09-29,93.174.93.136,172.36.160.161,8908,恶意IP,封禁,3,2019-09-29 08:04:54
2019-09-29,114.232.42.191,172.36.160.161,25,暴力破解,封禁,18,2019-09-29 08:04:47
2019-09-29,117.86.117.177,172.36.160.161,25,暴力破解,封禁,7,2019-09-29 08:04:44
2019-09-29,180.121.199.210,172.36.160.161,25,暴力破解,封禁,6,2019-09-29 08:04:44
2019-09-29,49.67.141.209,172.36.160.161,25,暴力破解,封禁,12,2019-09-29 08:04:41
2019-09-29,93.174.93.136,172.36.160.164,8908,恶意IP,封禁,3,2019-09-29 08:04:40
2019-09-29,180.120.77.159,172.36.160.161,25,暴力破解,封禁,4,2019-09-29 08:04:35
